IMDB ID,Start Timestamp,End Timestamp,Dialogue
tt1229238,"00:00:00,030","00:00:27,030","<font color=""#ff0000"">This is an improved version of my previous subtitle.</font> Transcribed and Synchronized by: <font color=""#00ffff"">kucing_gaul  (Nakashima_Tadayoshi)</font>"
tt1229238,"00:03:20,743","00:03:23,945","Hey, how did you manage to leave the cell?"
tt1229238,"00:03:23,980","00:03:27,409",How did you come out of cell? Open door 2.
tt1229238,"00:03:29,202","00:03:31,454",How did you come out?
tt1229238,"00:03:32,277","00:03:34,594",Return back to the cell!
tt1229238,"00:03:35,070","00:03:37,501",I told you to go back to the cell!
tt1229238,"00:03:37,536","00:03:40,647",Let's give you a few friends to play with.
tt1229238,"00:03:53,536","00:03:55,422",Sorry.
tt1229238,"00:04:01,612","00:04:03,875","- Send the guards there! - Yes, sir!"
tt1229238,"00:04:10,178","00:04:12,512","Okay, I'm set. How is things going down below?"
tt1229238,"00:04:12,547","00:04:14,282",How do you think? I am in a sewer.
tt1229238,"00:04:14,317","00:04:16,917",Doors do not open. We're stuck here.
tt1229238,"00:04:16,952","00:04:20,274",Alarm goes off.
tt1229238,"00:04:26,765","00:04:30,080",- We are in danger! We ask for reinforcements! - Captain!
tt1229238,"00:04:32,345","00:04:34,397",Damn!
tt1229238,"00:04:36,816","00:04:39,924",- We need reinforcements. - We have a problem in sector 2E.
tt1229238,"00:04:45,282","00:04:47,532",I'm in position.
tt1229238,"00:04:47,934","00:04:50,092",Move to phase two.
tt1229238,"00:05:42,280","00:05:44,570","Wha,what are you doing? What are you doing?"
tt1229238,"00:05:44,605","00:05:46,515","What's wrong? What's happening, Benji?"
tt1229238,"00:05:46,550","00:05:48,176",O God! He is not gonna be in the extraction point.
tt1229238,"00:05:48,276","00:05:51,476",Stay focus. He knows where he's going.
tt1229238,"00:05:57,853","00:06:01,560","No,  no, I'm not. No, I wouldn't, I would not open that door, please."
tt1229238,"00:06:01,751","00:06:03,578","Go to the  extraction point, Ethan."
tt1229238,"00:06:03,613","00:06:07,656","I know, I know what this means, but I, I can't. I'm not authorized..."
tt1229238,"00:06:08,603","00:06:11,962","Go to the extraction point, Ethan. Go to the extraction point!"
tt1229238,"00:06:12,672","00:06:16,194","O, we gonna, each we gonna wait, we gonna wait ,we gonna wait. Right, I can wait."
tt1229238,"00:06:26,425","00:06:28,761",Okay fine! fine! fine!
tt1229238,"00:06:29,480","00:06:33,254","There! You just, just screw the whole thing up, on purposed."
tt1229238,"00:06:36,669","00:06:38,607",What do you mean nobody works?
tt1229238,"00:06:38,775","00:06:41,870","ah..Jane, we gonna have a slight delay."
tt1229238,"00:06:59,723","00:07:02,278",Why do you wanna go in there?
tt1229238,"00:07:08,653","00:07:10,661",Bogdan.
tt1229238,"00:07:10,798","00:07:13,148",Bogdan.
tt1229238,"00:07:13,439","00:07:16,520",- Sergei? - Come on.
tt1229238,"00:07:16,534","00:07:20,097","- You mean now? - Yes, now."
tt1229238,"00:07:22,724","00:07:25,406","I don't know what he's doing, and for some reasons I'm helping him"
tt1229238,"00:07:25,441","00:07:28,338",As long as he's in his ways should be in the sunk end
tt1229238,"00:07:32,476","00:07:34,720","ah, we have a passenger."
tt1229238,"00:08:00,878","00:08:02,754",Sergei!
tt1229238,"00:08:12,200","00:08:13,666",Open all!
tt1229238,"00:08:28,481","00:08:29,933",Come on!
tt1229238,"00:08:34,772","00:08:37,155",God! This is a dead end!
tt1229238,"00:08:37,190","00:08:41,538","Sergei, do not tell me that this is the end of our escape route."
tt1229238,"00:09:19,851","00:09:20,988",Go ahead.
tt1229238,"00:09:21,023","00:09:23,911",- Agent Hunt? - And you're?
tt1229238,"00:09:23,985","00:09:26,050",Agent Carter.
tt1229238,"00:09:26,085","00:09:27,949",Okay.
tt1229238,"00:09:28,576","00:09:31,095",- Who's your pal? - I tell you on the way.
tt1229238,"00:09:35,197","00:09:37,361",Light the fuse!
tt1229238,"00:09:57,200","00:10:03,785",Mission Impossible 4:  GHOST PROTOCOL
tt1229238,"00:10:03,786","00:11:25,785","Transcribed and synchronized by: kucing_gaul a.k.a Nakashima_Tadayoshi. Refined from English subtitle by ""RickiIndowebster""  at subscene.com, also credited to ""Al_Mic. / Redemer0"". +++++ also check out Indonesian subtitle by me ++++++"
tt1229238,"00:11:35,918","00:11:39,160","- Sergei, what happens here? - Everything is fine, Bogdan."
tt1229238,"00:11:39,195","00:11:42,402","I don't mean to bring up elephant in the room, but what's the big hairy Russian?"
tt1229238,"00:11:42,437","00:11:43,415","Who, Bogdan?"
tt1229238,"00:11:43,450","00:11:45,874","He said me intel. If I left him there, they would kill him."
tt1229238,"00:11:45,909","00:11:48,583",So we're gonna give him his freedom. Did you call these sweepers?
tt1229238,"00:11:48,618","00:11:50,985","- Yeah, they're on their way - Good, good."
tt1229238,"00:11:53,191","00:11:55,615","Benji, how is it you're here?"
tt1229238,"00:11:56,053","00:11:59,470","Oh, I passed a few exam. Crazy, right?"
tt1229238,"00:12:00,272","00:12:01,928","Yeah, it's crazy."
tt1229238,"00:12:01,963","00:12:03,418",- DNA test. - It's me.
tt1229238,"00:12:03,419","00:12:05,226",It's procedure. I'm just confirming it's you.
tt1229238,"00:12:05,227","00:12:07,081",You're very thorough.
tt1229238,"00:12:07,116","00:12:08,901","Sergei, are you not Russian?"
tt1229238,"00:12:08,936","00:12:12,480","- Yes perhaps. - Sweeps are approaching, brooms are edged."
tt1229238,"00:12:12,484","00:12:13,664",- Roger that.
tt1229238,"00:12:13,699","00:12:19,231","Sergei, are you not Sergei?"
tt1229238,"00:12:22,645","00:12:25,602",You'll be fine. Bogdan ...
tt1229238,"00:12:25,637","00:12:28,808",- I always take care of my friends. - My friend ...
tt1229238,"00:12:35,352","00:12:38,448",- Messy bringing him along? - I thought it went rather well.
tt1229238,"00:12:38,483","00:12:40,675",You want telling me what are you doing in Russian prison?
tt1229238,"00:12:40,710","00:12:43,161",Wanna tell me why you brought me up?
tt1229238,"00:12:44,226","00:12:45,920",This wasn't a rescue mission?
tt1229238,"00:12:45,955","00:12:47,779",Let me put it this way...
tt1229238,"00:12:47,814","00:12:50,628","If The Secretary wanted me out of there,"
tt1229238,"00:12:51,406","00:12:54,078",must be pretty bad out here.
tt1229238,"00:12:56,733","00:13:00,126",We were after a file. We lost it.
tt1229238,"00:13:00,208","00:13:02,915","We? Who lost it, you?"
tt1229238,"00:13:08,141","00:13:11,340",- Agent Hanaway. - Where is Hanaway?
tt1229238,"00:13:21,219","00:13:23,332",It was a little drop
tt1229238,"00:13:23,784","00:13:25,597",... classified file.
tt1229238,"00:13:25,902","00:13:28,325",It should've been a simple intercept.
tt1229238,"00:13:36,418","00:13:38,404","They knew, which train the courier was on."
tt1229238,"00:13:38,439","00:13:40,281",ETA 2 minutes on the courier.
tt1229238,"00:13:40,316","00:13:43,267",- But there is one thing we didn't know. - Wild Cat.
tt1229238,"00:13:43,268","00:13:44,268",your train six minutes at.
tt1229238,"00:13:44,269","00:13:46,534",Who the courier was.
tt1229238,"00:13:59,346","00:14:01,139","Now or never, Bob Cap."
tt1229238,"00:14:01,667","00:14:04,233","Hurry! Who's delivering the file, what's his name?"
tt1229238,"00:14:05,028","00:14:08,261","- Go ahead, shoot. - We're out of time."
tt1229238,"00:14:14,394","00:14:18,063","I need a name, folks. You can't track all these people at once."
tt1229238,"00:14:18,983","00:14:22,424","Aargh, Marek..Stefanski. For the love of God.."
tt1229238,"00:14:22,771","00:14:25,457",- You got it? - Marek Stefanski.
tt1229238,"00:14:28,442","00:14:30,594",Searching...
tt1229238,"00:14:42,601","00:14:44,763",I'll take it from here.
tt1229238,"00:14:54,912","00:14:55,945","Are you allright, buddy?"
tt1229238,"00:14:55,980","00:14:58,136","Hanaway dropped Marek, and grab his bag."
tt1229238,"00:14:58,137","00:15:01,884",Sit down. Get your breath.
tt1229238,"00:15:02,235","00:15:06,008",He had the file in his in hands. Easy in easy out.
tt1229238,"00:15:06,043","00:15:08,446",file's secured.
tt1229238,"00:15:08,744","00:15:11,544",But we weren't the only ones after it.
tt1229238,"00:15:11,765","00:15:14,647","Bob Cap, someone else is scratched this party."
tt1229238,"00:15:16,479","00:15:18,923",I'm not alone.
tt1229238,"00:15:18,958","00:15:22,701",- Local police? - No. Armed hostils.
tt1229238,"00:15:29,418","00:15:32,765","Maintain, I'm coming. I will get him backing up."
tt1229238,"00:15:32,957","00:15:36,423","Negative, Operator. Broad the route southwest corner, 60 seconds."
tt1229238,"00:15:38,604","00:15:41,431",Hanaway's lens came to a facial matched... and triggered a warning.
tt1229238,"00:15:39,680","00:15:41,431",...
tt1229238,"00:15:45,096","00:15:47,537",But it was too late.
tt1229238,"00:15:53,447","00:15:55,201",No!
tt1229238,"00:15:59,708","00:16:01,794",You're gonna be okay.
tt1229238,"00:16:04,770","00:16:07,425",You're so beautiful.
tt1229238,"00:16:08,099","00:16:11,830",I should've told you..
tt1229238,"00:16:15,987","00:16:18,224",It was my op.
tt1229238,"00:16:19,156","00:16:21,647",I put him in the field.
tt1229238,"00:16:22,030","00:16:25,754",And she left him just alive enough for me to see him die.
tt1229238,"00:16:42,563","00:16:45,096",I'm sorry.
tt1229238,"00:16:47,136","00:16:51,205",- You know her? - Sabine Moreau. Contract killer.
tt1229238,"00:16:52,164","00:16:54,536",Works for diamonds.
tt1229238,"00:16:55,196","00:16:57,286",Who is in the file?
tt1229238,"00:17:04,780","00:17:07,842",Russian nuclear launch codes.
tt1229238,"00:17:14,489","00:17:18,263","IMF's been looking for emerging extremist, codenamed Cobalt ."
tt1229238,"00:17:18,298","00:17:21,496",He's determined to detonate a nuclear weapon however he can.
tt1229238,"00:17:21,531","00:17:23,666",We know Moreau works for him before.
tt1229238,"00:17:23,882","00:17:26,700",What else did IMF know about him?
tt1229238,"00:17:27,115","00:17:28,709",As much as you do now.
tt1229238,"00:17:28,799","00:17:30,587","But if Moreau has nuclear launch codes,"
tt1229238,"00:17:30,588","00:17:35,661",you can bet Cobalt's confirmed person of interest to enemy number one .
tt1229238,"00:17:35,697","00:17:38,116",We're here.
tt1229238,"00:18:00,348","00:18:04,013",- Agent confirmed. - Why was he in prison?
tt1229238,"00:18:04,942","00:18:08,776",He disobeyed. After he and his wife ... you know.
tt1229238,"00:18:09,683","00:18:13,062",I thought he just been transferred. Or on leave.
tt1229238,"00:18:13,842","00:18:16,064",There were rumours then...
tt1229238,"00:18:16,099","00:18:17,841",to work on the unsanctioned hit.
tt1229238,"00:18:17,876","00:18:19,549","Welcome back, Mr. Hunt."
tt1229238,"00:18:19,584","00:18:22,847","In your absence, IMF has learnt that Cobalt is, or was,"
tt1229238,"00:18:22,882","00:18:26,111",a level one nuclear strategist for Russian Intelligent.
tt1229238,"00:18:26,112","00:18:29,170","Therefore, the only way to uncover his actual identity"
tt1229238,"00:18:29,205","00:18:32,031",is to infiltrate the Kremlin itself.
tt1229238,"00:18:32,176","00:18:33,616","In order to get passed their checkpoints,"
tt1229238,"00:18:33,651","00:18:36,681",you'll be impersonating General Anatoly Fedorov.
tt1229238,"00:18:36,682","00:18:40,560",We believe Cobalt will do everything he can to destroy any record of his identity.
tt1229238,"00:18:40,845","00:18:43,172","Your mission, should you choose to accept it,"
tt1229238,"00:18:43,207","00:18:46,355",is to penetrate the highly secured archive inside the Kremlin.
tt1229238,"00:18:46,390","00:18:48,927","And retrieve Cobalt's file, before he can destroy it."
tt1229238,"00:18:49,272","00:18:52,105","New intel suggests Cobalt is already in route,"
tt1229238,"00:18:52,210","00:18:55,437",leaving you... 4 hours 52 minutes
tt1229238,"00:18:55,692","00:18:56,971",to infiltrate.
tt1229238,"00:18:57,006","00:18:59,696","To save time, we've chosen your team for you."
tt1229238,"00:18:59,881","00:19:02,729",Agent Carter and Dunn.
tt1229238,"00:19:03,993","00:19:08,663","As always, should you or any member of your team, be caught or killed."
tt1229238,"00:19:08,698","00:19:11,448",The Secretary will disavow any knowledge of your actions.
tt1229238,"00:19:11,483","00:19:15,452","This message will self-destruct in 5 seconds. Good luck, Ethan."
tt1229238,"00:19:39,047","00:19:40,864",What do you got?
tt1229238,"00:19:45,029","00:19:47,799",We're going into the Kremlin.
tt1229238,"00:19:49,458","00:19:52,326","I thought you said ""the Kremlin""."
tt1229238,"00:19:52,902","00:19:56,029","I thought you said ""the Kremlin""."
tt1229238,"00:19:57,660","00:19:59,711",Okay.
tt1229238,"00:20:36,011","00:20:38,183",This is very exciting.
tt1229238,"00:20:39,581","00:20:42,789","Being on the field ... with you, you know."
tt1229238,"00:20:43,439","00:20:46,027",It's a bit of a dream ... for me.
tt1229238,"00:20:47,605","00:20:50,696",I love your disguise by the way. You look just like him.
tt1229238,"00:20:52,014","00:20:55,792",It's a shame would wear a masks. You know like a full masks.
tt1229238,"00:20:56,637","00:20:59,323","Everybody get to wear a mask, but Benji."
tt1229238,"00:21:00,344","00:21:03,269",Sorry. I'm dead. I babbled when I am nervous.
tt1229238,"00:21:03,304","00:21:05,822","When doing it again, shut up it."
tt1229238,"00:21:19,254","00:21:22,005","Okay, settle secure to go, that's x-ray machines, cameras..."
tt1229238,"00:21:22,040","00:21:24,756",metal detectors. Just what we expected.
tt1229238,"00:21:24,868","00:21:26,532",We can do this.
tt1229238,"00:21:30,468","00:21:34,185","Releasing in three, two, one."
tt1229238,"00:21:40,925","00:21:43,310","Going fast, going fast, Kremlin going fast."
tt1229238,"00:21:47,330","00:21:49,947",Mr. General.
tt1229238,"00:21:49,977","00:21:53,742","I am Major Yegorov. Show me the documents, please."
tt1229238,"00:21:59,960","00:22:04,194",Don't you think I am?
tt1229238,"00:22:28,068","00:22:31,480",It's not found.
tt1229238,"00:22:35,146","00:22:41,035","Try it again, Major ... ... Yegorov."
tt1229238,"00:22:49,657","00:22:53,330","Excuse me, General. I did not recognize."
tt1229238,"00:22:53,833","00:22:55,963","You should be kicked out, Major Yegorov."
tt1229238,"00:23:05,356","00:23:06,955",I think might not going well.
tt1229238,"00:23:07,402","00:23:10,094",- Relax. - Sorry.
tt1229238,"00:24:36,380","00:24:38,573","I'm sorry, by the way ..."
tt1229238,"00:24:38,608","00:24:40,767",About you and Julia.
tt1229238,"00:24:41,399","00:24:43,353",You know ... not working if i may ...
tt1229238,"00:24:43,453","00:24:49,159","I wanted to say something before you ran away but I,..I liked it."
tt1229238,"00:24:49,678","00:24:52,346","here, he's off the phone now."
tt1229238,"00:28:28,383","00:28:32,374",It's empty. The disks are empty.
tt1229238,"00:28:47,297","00:28:49,906","Check in, team leader."
tt1229238,"00:28:49,971","00:28:52,754","Over. Repeat, check in, team leader."
tt1229238,"00:28:52,789","00:28:54,523",Have you made it to the archive room?
tt1229238,"00:28:54,558","00:28:57,600","Captain, one is in the archive!"
tt1229238,"00:28:59,871","00:29:02,148",Someone is pickybacking our frequency.
tt1229238,"00:29:02,456","00:29:07,351","Team leader, awaiting your go sign. Standing by to detonate."
tt1229238,"00:29:07,582","00:29:09,636",Abort!
tt1229238,"00:29:12,388","00:29:14,070",Rendezvous nod 2.
tt1229238,"00:29:15,990","00:29:18,448",What is it?
tt1229238,"00:30:34,458","00:30:36,737",Close the gate!
tt1229238,"00:30:37,181","00:30:39,686",Immediately!
tt1229238,"00:32:28,600","00:32:31,551",Our media is no more thruthful than yours ...
tt1229238,"00:32:31,552","00:32:33,398",...American.
tt1229238,"00:32:34,200","00:32:39,167","But we both know, that there'll cause of the explosion was you."
tt1229238,"00:32:44,412","00:32:49,638","Awaiting your go sign, Team leader. Standing by to detonate."
tt1229238,"00:32:49,638","00:32:53,546","The worst part for you, team leader..."
tt1229238,"00:32:54,211","00:33:00,886","is I'm the man assigned to make you suffer for it, for what you did to my country."
tt1229238,"00:33:02,886","00:33:08,257","This is clinic, not a bar. Stop looking at me."
tt1229238,"00:33:08,730","00:33:11,503","Misha, help me with him. Quick!"
tt1229238,"00:33:25,864","00:33:29,459",I think you're proud to have survived.
tt1229238,"00:33:40,063","00:33:42,542",I have a few questions I would ask them.
tt1229238,"00:33:44,134","00:33:46,801",Watch where you walk!
tt1229238,"00:33:49,510","00:33:51,465",- Go and get my car. - Okay.
tt1229238,"00:33:55,328","00:33:56,482",Look there!
tt1229238,"00:34:37,474","00:34:39,346",Not a good idea.
tt1229238,"00:34:40,499","00:34:42,837",Seem like one ... a minute ago.
tt1229238,"00:35:23,137","00:35:25,646",What are you doing? Damn!
tt1229238,"00:35:25,681","00:35:27,007",I can not believe it.
tt1229238,"00:35:36,786","00:35:39,538","All units, we have a fugitive. He took her to the west."
tt1229238,"00:35:59,664","00:36:02,987",Insolidated insurance. How may I help you?
tt1229238,"00:36:02,522","00:36:05,811","Search 20. Agent A2 delta echo requesting immediate ""evac""."
tt1229238,"00:36:05,902","00:36:08,156",Rendezvous Alpha 1-1-3.
tt1229238,"00:36:08,191","00:36:12,084",Confirmed. Alpha 1-1-3.
tt1229238,"00:36:45,269","00:36:48,269","Anna, Anna, Anna."
tt1229238,"00:36:48,502","00:36:51,134",I told myself ...
tt1229238,"00:36:57,274","00:36:59,751",We should leave town for a couple of days.
tt1229238,"00:36:59,786","00:37:02,796","Alex, you, me. Vacation."
tt1229238,"00:37:03,339","00:37:05,289",- Now? - Tonight.
tt1229238,"00:37:05,324","00:37:07,239","Who we will go, father?"
tt1229238,"00:37:07,339","00:37:10,978","just, just the three of us."
tt1229238,"00:37:17,485","00:37:19,503",Where will we go?
tt1229238,"00:37:23,407","00:37:25,706",Leonid?
tt1229238,"00:37:25,840","00:37:28,736",(news) ...has been transported to anear hospital for treatment.
tt1229238,"00:37:30,063","00:37:31,807",While Russian Officials continue to blame
tt1229238,"00:37:31,808","00:37:33,023",a gas main break.
tt1229238,"00:37:33,212","00:37:36,168","Experts has citing the shape of the blast area,"
tt1229238,"00:37:36,169","00:37:38,839",and the size of debris field is more consistent with
tt1229238,"00:37:38,874","00:37:40,661",anonymous sand explosive.
tt1229238,"00:37:40,662","00:37:44,732",Any speculations may have been an undeclared act of aggression.
tt1229238,"00:37:45,101","00:37:48,781",Although the Defence Ministry is maintaining that this is strictly an accident...
tt1229238,"00:37:48,816","00:37:51,806","Anna, pack a bag for Alex."
tt1229238,"00:37:52,791","00:37:55,342",We're leaving now.
tt1229238,"00:37:55,598","00:37:57,942",Anna.
tt1229238,"00:37:58,556","00:38:00,698",Anna.
tt1229238,"00:38:11,946","00:38:14,799",We have work to do.
tt1229238,"00:38:43,665","00:38:46,010",Mr. Secretary.
tt1229238,"00:38:48,849","00:38:50,474",There's in no way you're in Russia.
tt1229238,"00:38:50,509","00:38:54,379",I'm not. Not since a bomb blew up the Kremlin.
tt1229238,"00:38:58,441","00:39:03,162",Yesterday I flew in to accept the order of friendship from Russian Prime Minister.
tt1229238,"00:39:03,276","00:39:06,126","Now I'm headed back to Washington,"
tt1229238,"00:39:06,161","00:39:08,977",to hand the President my resignation.
tt1229238,"00:39:11,246","00:39:14,518","My chief analyst, William Brandt."
tt1229238,"00:39:15,467","00:39:18,348",- A pen - Pardon me? - A pen.
tt1229238,"00:39:18,349","00:39:19,400",Here.
tt1229238,"00:39:22,311","00:39:25,086","Ethan, what happened in the Kremlin?"
tt1229238,"00:39:25,543","00:39:27,080",Chief analyst you say?
tt1229238,"00:39:27,115","00:39:29,597",- I'm implying that I made about a call ... - Europian male.
tt1229238,"00:39:30,024","00:39:34,513","Fifties, about 6 foots, 180 pounds, blue eyes. Who is he?"
tt1229238,"00:39:36,313","00:39:38,553","Crude drawing, but by your description.."
tt1229238,"00:39:39,038","00:39:40,791",... that could be Kurt Hendricks.
tt1229238,"00:39:40,892","00:39:44,600","190 IQ, served in Swedish Special Forces."
tt1229238,"00:39:44,635","00:39:46,948","Professor of Physics, Stockholm University"
tt1229238,"00:39:46,983","00:39:49,262",Specialist in nuclear and game theory.
tt1229238,"00:39:49,381","00:39:51,427",Asked to resign ...
tt1229238,"00:39:52,322","00:39:55,000","... Well, because he's crazy."
tt1229238,"00:39:55,052","00:39:57,533",Cobalt.
tt1229238,"00:39:59,425","00:40:01,253",You have to allert the Kremlin that one of their strategist
tt1229238,"00:40:01,254","00:40:02,836",has a nuclear launch device.
tt1229238,"00:40:03,484","00:40:06,172",And what if his operative has the code activated
tt1229238,"00:40:06,272","00:40:08,588",What makes you say that?
tt1229238,"00:40:08,941","00:40:10,531",I saw him.
tt1229238,"00:40:10,566","00:40:13,220","Leaving the executive armory bag in hand,"
tt1229238,"00:40:13,258","00:40:15,474",he set off that explosion to cover his tracks.
tt1229238,"00:40:15,509","00:40:18,780",It maybe weeks before the Russians know it's missing.
tt1229238,"00:40:18,823","00:40:20,487",- Unless we tell them. - They won't listen to us.
tt1229238,"00:40:20,853","00:40:25,197","As far as the Russian has concerned, we just bombed the Kremlin."
tt1229238,"00:40:25,272","00:40:28,726","Tension between United States and Russia, hasn't been this high"
tt1229238,"00:40:28,727","00:40:30,307",since the Cuban Missile Crisis.
tt1229238,"00:40:30,887","00:40:35,247","And the blame, right or wrong, points to IMF."
tt1229238,"00:40:40,123","00:40:44,072",President has innitiated Ghost Protocol.
tt1229238,"00:40:44,107","00:40:48,337",The entire IMF has been disavowed.
tt1229238,"00:40:50,276","00:40:52,228",So what's happened now?
tt1229238,"00:40:52,394","00:40:55,802",Now I've been ordered to take you back to Washington.
tt1229238,"00:40:55,837","00:40:59,086","Where D.O.D  will labelled you as rough extremist,"
tt1229238,"00:40:59,121","00:41:02,335",and hang the Kremlin bombing on you and your team.
tt1229238,"00:41:02,370","00:41:04,490",Unless ...
tt1229238,"00:41:04,650","00:41:09,554",... you were to escape somewhere between here and the airport
tt1229238,"00:41:09,672","00:41:13,479",airing on assaulted Mr. Brandt and me.
tt1229238,"00:41:13,689","00:41:15,071",Sir?
tt1229238,"00:41:15,106","00:41:20,152",You will then illegally scrounge whatever material you could from backup supply cash..
tt1229238,"00:41:20,187","00:41:22,907",that I've overlooked the same cash..
tt1229238,"00:41:22,942","00:41:25,627","- ..for your team awaiting for further orders. - Sir, you may wanna read ..."
tt1229238,"00:41:25,662","00:41:27,545",You will then disappeared.
tt1229238,"00:41:27,580","00:41:30,563",And this conversation never having taken place..
tt1229238,"00:41:30,704","00:41:33,786",but your intention would be unclear.
tt1229238,"00:41:33,821","00:41:37,190","But if anyone of your team is caught or killed,"
tt1229238,"00:41:37,225","00:41:39,375","they will be branded terrorists,"
tt1229238,"00:41:39,410","00:41:44,011",out to incite a global nuclear war.
tt1229238,"00:41:50,016","00:41:51,861",Your mission.
tt1229238,"00:41:52,395","00:41:55,481",Should you choose to accept it.
tt1229238,"00:41:59,854","00:42:02,384","Ethan, you're my best man."
tt1229238,"00:42:02,596","00:42:04,755","And I'm sorry it's come to this,"
tt1229238,"00:42:04,790","00:42:07,652",after all the sacrifices you've made.
tt1229238,"00:42:09,213","00:42:12,174","We don't meet again, I just want you to know ..."
tt1229238,"00:42:12,828","00:42:15,467",I will always consider you a friend ...
tt1229238,"00:42:16,078","00:42:18,767","Stay down. Drive, drive, drive!"
tt1229238,"00:42:44,724","00:42:47,423",- Are you okay? - Yes.
tt1229238,"00:42:47,738","00:42:50,144","Take deep breaths, stay with me."
tt1229238,"00:42:50,380","00:42:52,194",- ready? - yes
tt1229238,"00:43:16,193","00:43:18,175",What do we do?
tt1229238,"00:43:18,958","00:43:21,215",Wait here.
tt1229238,"00:43:22,418","00:43:24,954",Where else to might I go?
tt1229238,"00:43:39,792","00:43:41,632","Hey! hey, hey, hey.. There!"
tt1229238,"00:43:55,231","00:43:57,552",Stop! Hold your fire!
tt1229238,"00:43:58,376","00:44:02,034",Hold your fire!
tt1229238,"00:44:02,069","00:44:03,596",Enough!
tt1229238,"00:44:04,662","00:44:06,911",Perhaps more are still alive.
tt1229238,"00:44:26,990","00:44:30,615","Today, in a nearby prison two inmates escaped."
tt1229238,"00:44:38,957","00:44:42,425",Who is this? What we know about him?
tt1229238,"00:44:46,073","00:44:48,259",Why would that work?
tt1229238,"00:44:49,183","00:44:51,621",- Why what work? - The flare on the body.
tt1229238,"00:44:51,656","00:44:53,849",- What watt were they work? - They did work.
tt1229238,"00:44:53,884","00:44:57,269","- Yeah, I know that... - Hey! - But why?"
tt1229238,"00:44:57,916","00:45:01,177","- I mean, how did you know that would draw their fire? - I didn't."
tt1229238,"00:45:01,287","00:45:03,456",I played a hunch.
tt1229238,"00:45:04,196","00:45:07,422",okay? All right. What was your scenario?
tt1229238,"00:45:07,457","00:45:10,483","Right, there was a guy being shot at the water."
tt1229238,"00:45:10,518","00:45:13,977","All the sudden, such a light out of a flare, turn around?"
tt1229238,"00:45:14,646","00:45:16,976","I mean, what you assume maybe thinking"
tt1229238,"00:45:17,403","00:45:19,940",- thinking? - yeah.
tt1229238,"00:45:20,223","00:45:21,860",I didn't assume they were thinking.
tt1229238,"00:45:21,895","00:45:24,032",I assumed they were shooting at anything to move
tt1229238,"00:45:24,067","00:45:26,383",and that just give them a target. But these ...
tt1229238,"00:45:26,648","00:45:29,399","These guys are not schollars, you know?"
tt1229238,"00:45:33,560","00:45:37,256","- This is really happening, isn't it? - Yeah."
tt1229238,"00:45:38,489","00:45:41,645",- Okay. You know what that sound is? - It's our ride out of here.
tt1229238,"00:45:41,680","00:45:45,187","Our ride's green car, with 47."
tt1229238,"00:45:47,981","00:45:50,202",I see three.
tt1229238,"00:45:50,653","00:45:52,641","Okay, Let's do it! go, go, go, go!"
tt1229238,"00:45:55,991","00:45:58,720",- All right. Forty-seven. - I don't see it. - Forty seven.
tt1229238,"00:45:59,941","00:46:01,940",Oh shit!
tt1229238,"00:46:07,190","00:46:09,541",This is it. Where's the pass?
tt1229238,"00:46:09,851","00:46:11,447",Enter your code.
tt1229238,"00:46:17,754","00:46:19,730",Press ENTER.
tt1229238,"00:46:21,718","00:46:24,274",Retinal scanner.
tt1229238,"00:46:26,188","00:46:28,699",Retinal scan required.
tt1229238,"00:46:28,734","00:46:30,712",Watch out.
tt1229238,"00:46:31,155","00:46:33,016",Retinal scan required.
tt1229238,"00:46:33,112","00:46:35,603",Agent confirmed.
tt1229238,"00:46:48,317","00:46:50,850","Ethan? Geez, I thought you were died."
tt1229238,"00:46:51,183","00:46:52,894",- We are. - Who's this?
tt1229238,"00:46:52,929","00:46:56,494","Agent. Dunn and Carter. William Brandt, chief analyst."
tt1229238,"00:46:56,529","00:46:58,564",Analyst.
tt1229238,"00:47:02,215","00:47:04,919",Agent confirmed.
tt1229238,"00:47:11,568","00:47:14,054",Power of the world finally end.
tt1229238,"00:47:15,752","00:47:18,469",It is my job to predict the unthinkable.
tt1229238,"00:47:20,180","00:47:23,615",To treat the death of billions as a game.
tt1229238,"00:47:24,370","00:47:28,066","After 20 years of this, I was none."
tt1229238,"00:47:28,665","00:47:31,935",Until a new question crossed my mind.
tt1229238,"00:47:32,567","00:47:35,529",What happens after the end of the world?
tt1229238,"00:47:35,564","00:47:37,320",Are you sure your line is secure?
tt1229238,"00:47:37,563","00:47:39,506",Every 2 or 3 million years ...
tt1229238,"00:47:39,541","00:47:42,194",Are you certain your line is secure?
tt1229238,"00:47:42,229","00:47:46,396",... some natural catastrophy devastates all life on earth.
tt1229238,"00:47:46,669","00:47:48,601",But life goes on.
tt1229238,"00:47:48,877","00:47:52,260",And what little remain is made stronger.
tt1229238,"00:47:52,594","00:47:56,168","Put simply world destruction, isn't unpleasant.."
tt1229238,"00:47:56,203","00:47:59,268",..but necessary part of evolution.
tt1229238,"00:48:01,597","00:48:03,572","What happens then, I wondered."
tt1229238,"00:48:03,712","00:48:06,578",When mankind faces the next end of the world.
tt1229238,"00:48:06,613","00:48:09,299","I don't care what you have to do, to get him to Dubai."
tt1229238,"00:48:09,334","00:48:11,986",I'll make you worse as well. Just do it.
tt1229238,"00:48:12,079","00:48:15,837","- I look to Hiroshima, Nagasaki. - Well, I'll be waiting for your call."
tt1229238,"00:48:15,872","00:48:18,626","Thriving cities, rebuilt from the ashes."
tt1229238,"00:48:18,661","00:48:20,854",Monuments to unimaginable
tt1229238,"00:48:20,889","00:48:23,642",dedicated to the concept of peace.
tt1229238,"00:48:23,643","00:48:26,544","It's occured to me here, that nuclear war.."
tt1229238,"00:48:26,579","00:48:29,315",might have a place in the natural order.
tt1229238,"00:48:29,688","00:48:32,158",But only if it could be controlled.
tt1229238,"00:48:32,244","00:48:36,681",Only if attached every living song equally.
tt1229238,"00:48:37,994","00:48:42,402","IMF and I believe this man, Kurt Hendricks, is a nuclear extremist."
tt1229238,"00:48:42,437","00:48:44,279","Codename, Cobalt."
tt1229238,"00:48:44,314","00:48:46,737","Today he was seen leaving the Kremlin, that would most likely"
tt1229238,"00:48:46,738","00:48:47,738",a nuclear launch device.
tt1229238,"00:48:51,159","00:48:54,106","A few days ago, Sabine Moreau killed one of our agents in Budapest."
tt1229238,"00:48:54,141","00:48:56,745",We believe him off Russian nuclear launch code.
tt1229238,"00:48:56,935","00:49:01,341",Intel indicates she would check in the Burj Hotel in Dubai in 36 hours.
tt1229238,"00:49:02,574","00:49:05,087",Mariusz Wistrom is known operative of Cobalt.
tt1229238,"00:49:05,404","00:49:07,690",Wistrom is currently on route to Dubai.
tt1229238,"00:49:07,725","00:49:11,384","For the launch device to work, Cobalt needs the activation codes."
tt1229238,"00:49:11,419","00:49:14,627","He's sending Wistrom, to buy them from Moreau."
tt1229238,"00:49:15,416","00:49:19,395",The Secretary is dead.
tt1229238,"00:49:24,707","00:49:27,627",The President has invoked Ghost Protocol.
tt1229238,"00:49:28,329","00:49:30,006",We're shut down.
tt1229238,"00:49:30,041","00:49:33,942","No satellites, safehouse, support or extraction."
tt1229238,"00:49:33,943","00:49:35,460",The four of us ...
tt1229238,"00:49:35,712","00:49:40,295",... and the content of this car are all that remain of the IMF.
tt1229238,"00:49:40,330","00:49:42,303",And as if this moment any actions are unsanctioned.
tt1229238,"00:49:42,338","00:49:46,225","So if you want out, speak now."
tt1229238,"00:50:02,390","00:50:03,919",Our mission is Hendricks.
tt1229238,"00:50:03,954","00:50:07,335","We're all  distance between him and his goal, nothing can be left to chance."
tt1229238,"00:50:07,370","00:50:10,716",Everyone connected with this man is considered an asset
tt1229238,"00:50:10,751","00:50:12,447",with valuable information about our target.
tt1229238,"00:50:12,482","00:50:14,108",No one can know we're still online.
tt1229238,"00:50:14,143","00:50:16,664","We lose Hendricks now, we lose him forever."
tt1229238,"00:50:16,699","00:50:18,188","So, what's the plan?"
tt1229238,"00:50:18,223","00:50:20,816",Wistrom  will take delivery from Moreau in 36 hours.
tt1229238,"00:50:20,851","00:50:23,136",Now we can not let the launch codes leave the hotel.
tt1229238,"00:50:23,171","00:50:26,255",But we need Wistrom to lead us to Hendricks.
tt1229238,"00:50:26,290","00:50:28,590","Yeah, we only do that if he has the codes"
tt1229238,"00:50:28,625","00:50:30,891",- Or if he thinks he has it. - Objective. ..
tt1229238,"00:50:30,926","00:50:32,575",... is to intercept the sale.
tt1229238,"00:50:32,704","00:50:34,453",Place the authentic codes with counterfeits.
tt1229238,"00:50:34,488","00:50:37,704","- and follow Wistrom to Hendricks. - Well, that's, that's simple enough."
tt1229238,"00:50:37,739","00:50:39,941","We just, we snatch the codes, we generate some fakes."
tt1229238,"00:50:40,055","00:50:43,391","Jane, you double Moreau and sell the codes to Wistrom."
tt1229238,"00:50:43,426","00:50:44,600",And bob your ankle.
tt1229238,"00:50:44,635","00:50:48,450","And how do you propose, that we just snatch the code from Moreau?"
tt1229238,"00:50:48,554","00:50:50,473",You take her out.
tt1229238,"00:50:51,641","00:50:54,674","Yeah, we take her out,but you know, discreetly."
tt1229238,"00:50:54,883","00:50:57,182",- Discreetly? - Yeah.
tt1229238,"00:50:58,346","00:51:00,224","- Right, she's an asset. - Right."
tt1229238,"00:51:00,259","00:51:02,068","I get it. Sorry. Nothing left to chance, he said."
tt1229238,"00:51:02,103","00:51:04,481","I'm just, I'm a spit bowling. You know, it's not all gonna be go."
tt1229238,"00:51:04,482","00:51:07,893",- We don't touch Wistrom.. . - All right. -..or Moreau.
tt1229238,"00:51:09,726","00:51:12,723","As you asked for Hanaway, but it has to be when I say."
tt1229238,"00:51:12,758","00:51:15,365",After we had Hendricks.
tt1229238,"00:51:20,307","00:51:22,258",- Only pack what we need. - Yeah absolutely.
tt1229238,"00:51:22,293","00:51:24,210",Only pack what we need. You never know.
tt1229238,"00:51:34,130","00:51:38,222",DUBAI
tt1229238,"00:51:52,035","00:51:55,152","So even if we can double Wistrom and Moreau,"
tt1229238,"00:51:55,187","00:51:57,649","How do we keep them in separate rooms,"
tt1229238,"00:51:57,684","00:52:00,112",Or having they think they are in the same room?
tt1229238,"00:52:00,378","00:52:02,372",We give the hotel a facelift.
tt1229238,"00:52:02,407","00:52:05,077",Wistrom will think he's arriving at Moreau's suite.
tt1229238,"00:52:05,428","00:52:07,782","But really, he will be walking into our decoy room."
tt1229238,"00:52:07,817","00:52:09,391",Where I'll double Moreau.
tt1229238,"00:52:09,426","00:52:11,393",Downstairs Benji will double Wistrom...
tt1229238,"00:52:11,428","00:52:13,883",- a masks! - And meet with real Moreau.
tt1229238,"00:52:13,959","00:52:17,476","And eh, huh, What am I doing?"
tt1229238,"00:52:18,010","00:52:20,745",You? You're the helper.
tt1229238,"00:52:23,468","00:52:25,989",Help ... okay.
tt1229238,"00:52:26,104","00:52:29,498","So, to the extent understand what are you talking about here  ..."
tt1229238,"00:52:30,622","00:52:33,065","uhm, Burj Khalifa, the tallest building in the world."
tt1229238,"00:52:33,348","00:52:35,488","And you want to alter its infrastructure,"
tt1229238,"00:52:35,523","00:52:37,556",with the hopes of convincing two people that
tt1229238,"00:52:38,362","00:52:41,591","they had a meeting, which actually really never happened ..."
tt1229238,"00:52:42,644","00:52:44,685",Right?
tt1229238,"00:52:52,072","00:52:54,226",Camels.
tt1229238,"00:53:40,397","00:53:42,710",ETA on dry cleaning.
tt1229238,"00:53:42,968","00:53:45,061",I'm on my way out.
tt1229238,"00:53:47,630","00:53:49,928","Okay, 34 minutes to doorknock."
tt1229238,"00:53:56,501","00:54:00,732","wow,.. ehm, okay. this, this is a slight wrinkle,.. nothing, nothing to worry about."
tt1229238,"00:54:00,767","00:54:04,478","We're just gonna have to go into server room, from the outside."
tt1229238,"00:54:05,797","00:54:10,473","- What? - Well, the firewalls in this building serve a  military grade."
tt1229238,"00:54:10,508","00:54:13,467","I mean, this would be a synched if I could call Yusuf back at headquarter,"
tt1229238,"00:54:13,502","00:54:15,882","but Yusuf doen't exist anymore, and neither do we."
tt1229238,"00:54:15,917","00:54:17,488","I could hack it, but it would take too long."
tt1229238,"00:54:17,523","00:54:18,636",Their hardware in.
tt1229238,"00:54:18,637","00:54:21,383",And there's four layers of an exchange security because not in server-in.
tt1229238,"00:54:21,418","00:54:23,871",and there is no way we can get into it from inside.
tt1229238,"00:54:24,193","00:54:28,770","If we can't get through the server, we don't control the elevators, we don't control security cameras."
tt1229238,"00:54:28,961","00:54:30,977",This operation is over even before it begins.
tt1229238,"00:54:31,012","00:54:32,994",I'm telling you we can get to it from outside.
tt1229238,"00:54:33,029","00:54:34,865",We?
tt1229238,"00:54:35,051","00:54:37,589","I'm,  I'm on the computer."
tt1229238,"00:54:38,497","00:54:42,328",I'm just a ... the helper.
tt1229238,"00:54:45,364","00:54:48,218",- What floor is it now? - 130.
tt1229238,"00:54:48,783","00:54:51,525",130 ?
tt1229238,"00:54:54,343","00:54:55,632",- Vent out? - pressure's unstiff.
tt1229238,"00:54:55,633","00:54:56,633",don't have enough time.
tt1229238,"00:54:56,790","00:54:58,008",- Elevator shaft. - infrared sensors.
tt1229238,"00:54:58,009","00:54:59,009",don't have enough time.
tt1229238,"00:55:02,924","00:55:05,610",How am I suppose to do this?
tt1229238,"00:55:11,017","00:55:12,967",Dammit!
tt1229238,"00:55:15,606","00:55:17,907","Oh, that's high."
tt1229238,"00:55:22,686","00:55:26,607","Okay, now remember, it's a rolling off motion, that disengages the bond."
tt1229238,"00:55:26,880","00:55:28,840","When the emitter is blue, that's full adhesion."
tt1229238,"00:55:28,940","00:55:30,880","Easy way to remember. ""Blue is glue."""
tt1229238,"00:55:30,915","00:55:32,821",- And when it's red? - Dead.
tt1229238,"00:55:32,921","00:55:35,555","ah, here's your cutter, okay? And your server interface."
tt1229238,"00:55:35,590","00:55:36,711",Both going back here.
tt1229238,"00:55:36,746","00:55:38,391","One, two."
tt1229238,"00:55:38,426","00:55:41,091","Okay Ethan, holds-all service, 11 stories up"
tt1229238,"00:55:41,092","00:55:42,327",and 7 units over.
tt1229238,"00:55:42,841","00:55:43,762",Okay?
tt1229238,"00:55:44,075","00:55:47,011","- Com check? - Yeah, copy."
tt1229238,"00:55:48,859","00:55:50,616",So ...
tt1229238,"00:55:54,240","00:55:57,007",It's 26 minutes to doorknock.
tt1229238,"00:56:12,700","00:56:13,700",Yeah ...
tt1229238,"00:56:53,771","00:56:56,082",25 minutes to doorknock.
tt1229238,"00:57:11,062","00:57:13,055",What the hell is that?
tt1229238,"00:57:27,498","00:57:30,263","Hell, what the hell is that?"
tt1229238,"00:57:31,456","00:57:33,805",It's a sandstorm.
tt1229238,"00:57:35,331","00:57:37,925","It's a long way off, Ethan. There's shouldn't be a problem."
tt1229238,"00:57:40,847","00:57:43,335",24 minutes to doorknock.
tt1229238,"00:57:46,481","00:57:48,450",Where is Ethan?
tt1229238,"00:57:50,459","00:57:52,748",You gotta be kidding me.
tt1229238,"00:58:41,696","00:58:44,534",23 minutes to doorknock.
tt1229238,"00:59:03,051","00:59:05,169",I'm in the server level.
tt1229238,"00:59:27,505","00:59:30,093",23 minutes to doorknock.
tt1229238,"00:59:30,266","00:59:33,163",Your countdown is not helping.
tt1229238,"00:59:34,770","00:59:36,676",I'm just saying.
tt1229238,"01:00:06,138","01:00:08,918","- I'm in. - That's great, Ethan. You're half way home."
tt1229238,"01:00:16,491","01:00:18,655",Located server.
tt1229238,"01:00:24,626","01:00:26,361",Please tell me we're online.
tt1229238,"01:00:26,468","01:00:28,415","All right, we're live."
tt1229238,"01:00:28,450","01:00:30,362","Okay, now I have control of the elevators."
tt1229238,"01:00:30,462","01:00:33,056",- And the security cameras. - Time to evacuate.
tt1229238,"01:00:33,091","01:00:35,918","Okay. You drive, and look out for Wistrom and Moreau."
tt1229238,"01:00:50,981","01:00:54,063",Moreau is at the elevator. It has resceduled.
tt1229238,"01:00:54,266","01:00:55,749",Go.
tt1229238,"01:01:00,972","01:01:04,201","- We can't open this door, can  we? - That door? No."
tt1229238,"01:01:04,236","01:01:06,743",Ethan you gotta get down here now.
tt1229238,"01:01:07,262","01:01:10,346",Ethan. Ethan. Is there a problem?
tt1229238,"01:01:11,061","01:01:12,667",Ethan?
tt1229238,"01:01:18,952","01:01:21,650",- We're not gonna make it. - We have to make it.
tt1229238,"01:01:22,529","01:01:24,320",Where is Ethan?
tt1229238,"01:01:45,040","01:01:49,534","- Your line is not long enough! - No, shit!"
tt1229238,"01:02:36,430","01:02:39,812","That was not easy, but I, I did it."
tt1229238,"01:02:42,820","01:02:44,689",What I missed?
tt1229238,"01:02:50,556","01:02:54,066",The lense might be a little uncomfortable.
tt1229238,"01:02:54,101","01:02:57,609",It captures images and transmits them to the printer in the briefcase.
tt1229238,"01:02:58,007","01:02:59,887",- All right? - hmm...
tt1229238,"01:03:00,085","01:03:02,273","I can't see, one eye right of it, fine."
tt1229238,"01:03:02,308","01:03:04,461",Blinks twice to activate the shutter.
tt1229238,"01:03:05,410","01:03:08,357","Notice, the numbers are in order."
tt1229238,"01:03:11,068","01:03:13,504",A perfect copy.
tt1229238,"01:03:13,937","01:03:16,501",But the numbers are scrambled.
tt1229238,"01:03:17,294","01:03:20,489","Masks? ah, 60 seconds. Are you sure that I shouldn't wear a mask?"
tt1229238,"01:03:20,524","01:03:22,767","You know, cause I'm not exactly Omar Sharif."
tt1229238,"01:03:22,767","01:03:25,135",I'll play a french. This is you tracking device.
tt1229238,"01:03:25,135","01:03:26,990",- This is what you're tracking. - paper clip?
tt1229238,"01:03:26,990","01:03:28,697","No, it's a paper. It's in the briefcase."
tt1229238,"01:03:28,697","01:03:30,781","It's caught to be isotops, which should give a unique  ..."
tt1229238,"01:03:30,781","01:03:33,157","- It just means that you can track documents, even if they switch briefcases. - Range?"
tt1229238,"01:03:33,157","01:03:35,596","- Not that good, like a half a mile (800 meters)."
tt1229238,"01:03:35,596","01:03:37,884",Safest thing to do not let Wistrom out of your sight.
tt1229238,"01:03:37,885","01:03:39,534",Is that Wistrom?
tt1229238,"01:03:43,981","01:03:44,980",Who's out with him?
tt1229238,"01:03:44,980","01:03:47,391","- I don't know. - We don't have an uplink, so there's no facial recognition."
tt1229238,"01:03:47,391","01:03:49,843",Who's out with him?
tt1229238,"01:03:50,228","01:03:52,838",That's Leonid Lisenker. Polish phone cryptographer.
tt1229238,"01:03:52,838","01:03:56,097",He redesigned Russia's nuclear security at the Cold War.
tt1229238,"01:03:56,098","01:03:58,376",He set off to authenticate the launch codes.
tt1229238,"01:03:58,376","01:04:00,105","- yeah shit, we are blown. - No, no, no."
tt1229238,"01:04:00,105","01:04:02,941","Well, we'll would be as soon as he sees the counterfeit launch codes."
tt1229238,"01:04:02,941","01:04:05,290",- We're not alone. - He's in the elevator.
tt1229238,"01:04:05,290","01:04:07,467",Delay it.
tt1229238,"01:04:15,767","01:04:17,975","Benji, how long would take it reprogram the case?"
tt1229238,"01:04:17,975","01:04:19,950","Ah, a couple seconds. Wow, What for that?"
tt1229238,"01:04:19,950","01:04:22,969",- To make an exact copy of the launch codes. - What?!
tt1229238,"01:04:22,969","01:04:25,060",- You can't do that. - Wistrom's on 22.
tt1229238,"01:04:25,060","01:04:27,427",- Slow him down. - I do what I can.
tt1229238,"01:04:29,365","01:04:32,534","wait, wait, Ethan! Hey! Hang on now, hang on, just a second!"
tt1229238,"01:04:32,534","01:04:36,033","You, you're talking about handing over active nuclear launch code to Wistrom?"
tt1229238,"01:04:36,033","01:04:38,772","- the case, reprogram the case. - Listen, listen, stop! Listen, listen."
tt1229238,"01:04:38,966","01:04:41,512","You're saying you're fixating, you're thinking clearly."
tt1229238,"01:04:41,512","01:04:43,333","Listen, that's not gonna happened!"
tt1229238,"01:04:43,560","01:04:45,691","- I won't allow it. - 33, and climbing."
tt1229238,"01:04:45,691","01:04:49,066","Brandt, use your head. The mission is not the code, the mission is Hendricks."
tt1229238,"01:04:49,066","01:04:51,273","And this little play out, give him back codes neutralize it."
tt1229238,"01:04:51,273","01:04:53,269",You know that won't do it. Failure to a terrorist...
tt1229238,"01:04:53,269","01:04:55,260",...just a rehearsal for success.
tt1229238,"01:04:55,260","01:04:56,529",41!
tt1229238,"01:04:56,529","01:04:58,928","We lose Hendricks today, he shows up somewhere else tomorrow."
tt1229238,"01:04:58,928","01:05:01,632",He finds another way. With no IMF to stop him.
tt1229238,"01:05:01,632","01:05:03,950","Now, it's now or never. Now hand me the case."
tt1229238,"01:05:03,950","01:05:06,115",Nothing left to chance. You said that !
tt1229238,"01:05:06,115","01:05:07,800",You're the analyst. Now tell me..
tt1229238,"01:05:07,801","01:05:09,419",..there's another way for Hendricks to get those codes. - 50!
tt1229238,"01:05:10,425","01:05:13,226","You tell me that this is only happened right here, right now. Today!"
tt1229238,"01:05:13,226","01:05:15,073","You tell me that, I'll walk away."
tt1229238,"01:05:23,197","01:05:24,953",- We go without! - Without masks?
tt1229238,"01:05:24,954","01:05:26,500",- Changes to go. - Ethan!
tt1229238,"01:05:26,501","01:05:29,263","- We have no choice. - Ethan, you will be walking on Moreau unarmed."
tt1229238,"01:05:29,263","01:05:31,986",- Face first. Literally. - How do we know they've met?
tt1229238,"01:05:31,987","01:05:33,862",- How do we know they haven't? - It doesn't matter!
tt1229238,"01:05:34,960","01:05:37,848",Damn! We have no choice.
tt1229238,"01:06:29,374","01:06:30,822",Goggles.
tt1229238,"01:06:33,003","01:06:35,096",What if they have met?
tt1229238,"01:06:36,991","01:06:39,143",Come in.
tt1229238,"01:07:13,859","01:07:16,393",Which of one you is Wistrom?
tt1229238,"01:07:16,954","01:07:19,419",Which one of you is Wistrom?
tt1229238,"01:07:21,318","01:07:23,210",I am.
tt1229238,"01:07:24,064","01:07:26,571",I admire your work.
tt1229238,"01:07:41,356","01:07:43,369",Sit.
tt1229238,"01:07:51,554","01:07:53,618",Where are my codes?
tt1229238,"01:07:54,546","01:07:56,240",Where are my diamonds?
tt1229238,"01:07:57,210","01:07:59,039",close by.
tt1229238,"01:07:59,648","01:08:02,857",- You have my payment? - When I see the codes.
tt1229238,"01:08:03,763","01:08:06,025",Not to worry. Come in!
tt1229238,"01:08:06,368","01:08:09,012",I thought we could have tea.
tt1229238,"01:08:10,567","01:08:12,993",Madam moiselle.
tt1229238,"01:08:13,182","01:08:15,386",Misseur.
tt1229238,"01:08:15,386","01:08:17,967","No diamonds, no codes."
tt1229238,"01:08:18,152","01:08:21,180","No codes, no diamonds."
tt1229238,"01:08:24,795","01:08:27,485",- Kill this one! - We didn't came alone.
tt1229238,"01:08:27,641","01:08:29,700",That hole I lay out there is killbox.
tt1229238,"01:08:29,700","01:08:32,511","- You know who we work for. - We come back for its codes,"
tt1229238,"01:08:32,609","01:08:35,058",or we don't come back.
tt1229238,"01:08:35,558","01:08:38,476",- How good is your backup ? - The best.
tt1229238,"01:08:42,066","01:08:44,201",Kill them the best.
tt1229238,"01:08:45,069","01:08:47,657",Do you care for some sugar?
tt1229238,"01:08:51,083","01:08:52,966",Enough. Let's get this done.
tt1229238,"01:08:52,966","01:08:55,969",You want payment? I want guarantees.
tt1229238,"01:08:56,071","01:08:59,373","When he's authenticated the codes, I'll  make a call and get your diamonds."
tt1229238,"01:09:00,020","01:09:02,170","That, or ..."
tt1229238,"01:09:02,308","01:09:04,680",We alll go home in buckets.
tt1229238,"01:09:05,222","01:09:08,224",Nobody leaves this hotel alive.
tt1229238,"01:09:11,628","01:09:14,279",Get the papers .
tt1229238,"01:09:27,232","01:09:30,605",- Is there a problem? - It's locked.
tt1229238,"01:09:34,644","01:09:37,518","Ah, forgive me."
tt1229238,"01:09:37,518","01:09:40,886",There must be a key. For momento.
tt1229238,"01:09:44,372","01:09:46,886",Misseur.
tt1229238,"01:10:39,098","01:10:42,983",My mistake. It is a combination. Not a key.
tt1229238,"01:10:43,717","01:10:46,449",You tell me the numbers!
tt1229238,"01:10:51,342","01:10:52,676",We're good.
tt1229238,"01:10:52,676","01:10:54,940",Zero
tt1229238,"01:10:55,141","01:10:57,048",zero
tt1229238,"01:10:58,228","01:10:59,922",zero
tt1229238,"01:11:16,245","01:11:18,272","Come on, come on, come on, came on, came on."
tt1229238,"01:12:01,017","01:12:03,194",It was a pleasure doing business with ...
tt1229238,"01:12:03,194","01:12:05,668",Wistrom has launch codes and he's on the move.
tt1229238,"01:12:06,002","01:12:08,574","Hey, I did what you asked, I did!"
tt1229238,"01:12:08,574","01:12:11,479",- Now let my family go. - Release Leonid's family.
tt1229238,"01:12:11,596","01:12:14,747",- Thank God! - You can thank me in person.
tt1229238,"01:12:29,546","01:12:32,385",It was a pleasure doing business with you.
tt1229238,"01:12:39,287","01:12:41,259",Kill him!
tt1229238,"01:12:48,936","01:12:50,873",Moreau's on the move!
tt1229238,"01:12:51,180","01:12:53,190",I've got her.
tt1229238,"01:12:53,837","01:12:56,010","Jane, she's an asset."
tt1229238,"01:12:56,010","01:12:58,567",I need her alive.
tt1229238,"01:12:59,492","01:13:01,591",Acknowledge!
tt1229238,"01:13:01,888","01:13:04,026",Acknowledge!
tt1229238,"01:13:14,633","01:13:18,731","Ah, Ethan, Wistrom is in the elevator. I can't see Leonid there."
tt1229238,"01:13:19,336","01:13:22,852","Benji, slow it down. Give me an elevator."
tt1229238,"01:13:34,636","01:13:36,504",I'll handle it.
tt1229238,"01:13:49,169","01:13:53,023","Benji, I got a lot call of Wistrom, but I can't tell. Is he still in the elevator?"
tt1229238,"01:13:53,551","01:13:56,505",- Wistrom ... elevator ... - Benji?
tt1229238,"01:14:00,021","01:14:03,499","- Ethan, over! - Benji. Benji, I lost."
tt1229238,"01:14:03,499","01:14:06,564","Ethan, can you hear me? Ethan, can you hear me? over!"
tt1229238,"01:14:07,913","01:14:09,625",Geez!
tt1229238,"01:14:18,008","01:14:19,874","- Watch her! - Why, why me?"
tt1229238,"01:14:19,874","01:14:22,579","If I'd do it, I'll kill her."
tt1229238,"01:14:52,599","01:14:57,066","Hold it, Team Leader. Do you really think I wouldn't catch up of you?"
tt1229238,"01:14:57,066","01:14:58,996",You and I are not enemies. It was a setup.
tt1229238,"01:14:58,996","01:15:03,029",We'll find out your lies soon enough. Move it!
tt1229238,"01:15:04,716","01:15:07,425",I'm sorry about this.
tt1229238,"01:15:28,902","01:15:29,823",Leonid!
tt1229238,"01:15:29,824","01:15:31,699",- Benji? - Cover Benji!
tt1229238,"01:15:31,700","01:15:33,935","I've got Leonid by the elevator, he's been shot."
tt1229238,"01:15:33,935","01:15:35,506",What?
tt1229238,"01:15:46,188","01:15:48,448","Hey, hey, stay with me, stay with me!"
tt1229238,"01:16:07,480","01:16:09,273","""No, no no no no no no no no no..."
tt1229238,"01:16:15,666","01:16:17,815","Jane, don't!"
tt1229238,"01:22:13,675","01:22:15,218","Now what happened with Moreau, Jane?"
tt1229238,"01:22:15,218","01:22:18,014","- She couldn't help us with... - Yeah, so let's throw her off the building?"
tt1229238,"01:22:18,114","01:22:20,161",- I didn't throw her! - That's throw her off the building!
tt1229238,"01:22:20,161","01:22:22,687","She was not the mission, Jane."
tt1229238,"01:22:22,687","01:22:26,313",The mission was to track the file back to Hendricks.
tt1229238,"01:22:26,680","01:22:29,586",Whose in the wind ...
tt1229238,"01:22:50,686","01:22:53,866",Better have good news for me. Is he here?
tt1229238,"01:22:55,694","01:22:58,816",I got it. Talk to you later. I'll be there.
tt1229238,"01:22:58,816","01:23:02,094",But no one will be following me. Just make sure no one's following you.
tt1229238,"01:23:02,194","01:23:04,852",- And how the hell that the Russians find us? - Why do you ask me for?
tt1229238,"01:23:05,009","01:23:07,610",Because you are in communication. You in charge covering our tracks.
tt1229238,"01:23:07,611","01:23:10,647","We can not afford to make mistakes like that now, Benji."
tt1229238,"01:23:10,647","01:23:13,038",You are  not a technician anymore. You're field agent.
tt1229238,"01:23:13,038","01:23:15,127",And you're just an analyst?!
tt1229238,"01:23:16,014","01:23:18,526",Right? Right?
tt1229238,"01:23:20,144","01:23:23,127","Who are you really, Brandt?"
tt1229238,"01:23:23,649","01:23:25,520",- What do you ask me? - What am I asking?
tt1229238,"01:23:25,520","01:23:27,413",Let me see if I can put in another ...
tt1229238,"01:23:34,857","01:23:39,179","How does an agent whose skills like that, end up an analyst?"
tt1229238,"01:23:46,896","01:23:49,541",What if we all have secrets?
tt1229238,"01:23:50,539","01:23:53,223","tell me, Ethan."
tt1229238,"01:23:57,018","01:23:59,983","You tell me yours, I tell you mine."
tt1229238,"01:24:12,374","01:24:14,519",I'm all clear.
tt1229238,"01:24:19,350","01:24:22,980",I have friends in the region. Just sit tight. I'll send someone to get you out of here.
tt1229238,"01:24:23,192","01:24:25,155",What about Hendricks? What's the plan?
tt1229238,"01:24:25,156","01:24:28,077",The plan was first to stop him together.
tt1229238,"01:24:28,116","01:24:31,402",- And what would you gonna do? - Change the plan.
tt1229238,"01:24:31,402","01:24:33,510","Wait, that's it?"
tt1229238,"01:24:33,659","01:24:35,996",What we gonna do? go after him alone?
tt1229238,"01:24:37,907","01:24:40,540","You can explain yourself, agent Brandt?"
tt1229238,"01:25:44,687","01:25:47,513",I was in a protection detail in Croatia.
tt1229238,"01:25:47,816","01:25:51,101","Shadowing the assets, husband and wife."
tt1229238,"01:25:52,151","01:25:56,035",We were never suppose to know we were there. Whole things routines as in no crap.
tt1229238,"01:25:59,275","01:26:05,521","Three years in,we caught wind that this Serbian hit squad was after our couple."
tt1229238,"01:26:05,757","01:26:09,654","But my team had it under control, I knew that they would coming."
tt1229238,"01:26:10,980","01:26:15,315",But I couldn't shake this feeling that I should warn the couple somehow.
tt1229238,"01:26:15,315","01:26:18,383",I wanted to..  find the way to let them know
tt1229238,"01:26:20,007","01:26:23,133","But you know, orders are oders, so I didn't."
tt1229238,"01:26:27,836","01:26:32,210","One day, the husband decides to leave the hotel and go for a run."
tt1229238,"01:26:32,210","01:26:33,798",So I followed him.
tt1229238,"01:26:34,374","01:26:37,113",And leave two men with the wife.
tt1229238,"01:26:37,921","01:26:40,058","When I get back,"
tt1229238,"01:26:40,058","01:26:42,951",my guys were unconscious and the wife is gone.
tt1229238,"01:26:43,875","01:26:46,765",Local police found her body three days later.
tt1229238,"01:26:47,881","01:26:50,553",What was left over anyway.
tt1229238,"01:26:55,502","01:26:58,215",It was my last day on the field.
tt1229238,"01:26:59,112","01:27:02,461",I couldn't face another life or death situations after that.
tt1229238,"01:27:02,461","01:27:04,281","So, what happened with her husband?"
tt1229238,"01:27:04,495","01:27:07,240",Never saw him again.
tt1229238,"01:27:07,819","01:27:12,653","Until two days ago, in Moscow, when the Secretary introduced me to Ethan Hunt."
tt1229238,"01:27:16,285","01:27:19,628","No, that's not what happened. She left him, you know."
tt1229238,"01:27:19,622","01:27:22,597","I heard that one too, Benji."
tt1229238,"01:27:22,853","01:27:26,481","But, unfortunately, I was there."
tt1229238,"01:27:27,227","01:27:30,953",Just like I was there when the Secretary got the phone call..
tt1229238,"01:27:30,954","01:27:35,491",..that Ethan was in custody for killing 6 Serbian nationals  in cold blood.
tt1229238,"01:27:35,609","01:27:37,690","- ah, I'm sorry, shouldn't hit? - Yeah."
tt1229238,"01:27:37,734","01:27:40,769",Disavowed.
tt1229238,"01:27:48,153","01:27:52,629",Last thing I know ... I am on the plane to Dubai.
tt1229238,"01:27:53,977","01:27:57,776",Wondering the old time ... Do I tell him?
tt1229238,"01:27:59,766","01:28:02,512",How do I tell him?
tt1229238,"01:28:03,457","01:28:06,185",That I'm responsible.
tt1229238,"01:28:07,926","01:28:11,093",I could've warned him. I should've warned him.
tt1229238,"01:28:13,652","01:28:15,915",But I didn't.
tt1229238,"01:28:16,956","01:28:19,210",And she died.
tt1229238,"01:28:24,846","01:28:28,435","Sergei! Sergei, my friend!"
tt1229238,"01:28:28,435","01:28:31,498","I told you, I was gathered here. Didn't I say?"
tt1229238,"01:28:31,498","01:28:33,669","- I don't know it's him? - Yes, it's him."
tt1229238,"01:28:33,791","01:28:36,004","You trust me, I trust you, right?"
tt1229238,"01:28:36,728","01:28:41,024","This is the guy! This is the guy, the one I told you about."
tt1229238,"01:28:41,120","01:28:43,988","So, we can take these things off."
tt1229238,"01:28:48,455","01:28:51,637","Sorry, he's a great guy, but he doesn't know you like I do, you understand."
tt1229238,"01:28:51,637","01:28:54,611","So, you work for American government?"
tt1229238,"01:28:55,835","01:28:59,737","- And you are an arm stealer. - No, no! Sergei, Sergei!"
tt1229238,"01:29:00,423","01:29:04,517","He's independent defense coordinator, right?"
tt1229238,"01:29:05,589","01:29:07,591","That's right, very classic job."
tt1229238,"01:29:07,591","01:29:10,337","- Listen, he's a friend. - Those diamonds are for Bogdan."
tt1229238,"01:29:10,338","01:29:12,278","No, no, it's okay. He can have it."
tt1229238,"01:29:12,593","01:29:16,049","Whatever arrangements you made with my cousin, it's between you and him."
tt1229238,"01:29:16,140","01:29:18,795","You want something from me, you pay."
tt1229238,"01:29:18,795","01:29:21,700",You misunderstand. I am not buying.
tt1229238,"01:29:21,794","01:29:23,606",I'm selling.
tt1229238,"01:29:23,743","01:29:25,830",You selling?
tt1229238,"01:29:26,009","01:29:28,873",- Selling what? - The future.
tt1229238,"01:29:29,523","01:29:31,513","Yeah, I got all I need, thank you."
tt1229238,"01:29:31,513","01:29:34,033",Our countries are on the break of war.
tt1229238,"01:29:34,033","01:29:36,322",War is very good for business.
tt1229238,"01:29:36,322","01:29:39,022",Nuclear war?
tt1229238,"01:29:48,207","01:29:49,415",Go on.
tt1229238,"01:29:49,415","01:29:52,571",I'm looking for a man named Kurt Hendricks. You may know him as Cobalt.
tt1229238,"01:29:52,671","01:29:55,538","In this case, I think you know what he wants."
tt1229238,"01:29:55,720","01:29:58,764",I bet he even try to buy it from you at some point.
tt1229238,"01:29:59,819","01:30:03,277","- Go on. - He has a case, he has codes."
tt1229238,"01:30:03,608","01:30:06,656",But they're worthless without tactical satellite.
tt1229238,"01:30:07,186","01:30:10,080",I want to know where he get it.
tt1229238,"01:30:10,080","01:30:13,990",A man with information like that would be a potential terrorist.
tt1229238,"01:30:14,565","01:30:21,106","And to your government, a potential terrorist is a terrorist."
tt1229238,"01:30:23,499","01:30:26,019",Do you help me?
tt1229238,"01:30:26,019","01:30:30,004",My friends become your friends.
tt1229238,"01:30:32,082","01:30:35,949",Sorry. I can not help you.
tt1229238,"01:30:41,585","01:30:46,164","I certainly can not tell you that, Russia quitely sold an obselete technical satellite..."
tt1229238,"01:30:46,164","01:30:49,656",to a certain telecom in Mumbai.
tt1229238,"01:30:50,387","01:30:53,500",And who ever gave them that idea?
tt1229238,"01:30:54,109","01:30:56,559",An enterprising third party.
tt1229238,"01:30:56,559","01:30:58,040",Working on commission.
tt1229238,"01:30:58,040","01:31:01,793","Helping old friends, making new ones."
tt1229238,"01:31:01,793","01:31:05,399",- Can the satellite be shut down? - That would take a special skills then.
tt1229238,"01:31:06,319","01:31:08,642",You can not do it alone.
tt1229238,"01:31:33,915","01:31:36,727",- What's in the bags? - It's our gear.
tt1229238,"01:31:37,098","01:31:40,533",- How'd you get it? - Made a friend.
tt1229238,"01:31:41,339","01:31:44,083",- I'm glad we could help. - You can help now.
tt1229238,"01:31:44,986","01:31:47,600","- Look Ethan, before... - Whatever happened, happened."
tt1229238,"01:31:47,601","01:31:53,083","We still have a chance to clean this up. But we have to do it now, we have to do it together."
tt1229238,"01:31:59,913","01:32:02,403","Yeah sure, where are we going?"
tt1229238,"01:32:03,215","01:32:05,363",India.
tt1229238,"01:32:08,793","01:32:11,442","- India? India? - Yeah, sure. - Okay."
tt1229238,"01:32:15,176","01:32:17,180",Love the jet!
tt1229238,"01:32:17,180","01:32:19,602",Where do you see the car?
tt1229238,"01:32:25,846","01:32:28,445","- Sidorov. - (in Russian) What are you doing, man?"
tt1229238,"01:32:28,445","01:32:30,392",You were ...
tt1229238,"01:32:30,858","01:32:34,033",I was worried for nothing.
tt1229238,"01:32:38,655","01:32:42,803",- I heard that you're looking for an American.. - Continue.
tt1229238,"01:32:43,600","01:32:49,513",And launching devices were stolen yesterday.
tt1229238,"01:32:50,234","01:32:54,599",- Seriously? - I can help you find them.
tt1229238,"01:32:54,599","01:32:57,890",If you agree with that.
tt1229238,"01:33:03,620","01:33:04,740",Brij Nath.
tt1229238,"01:33:04,740","01:33:07,161",Brij Nath. Playboy. Multimedia tycoon.
tt1229238,"01:33:07,566","01:33:10,700","On the surface, this turn network as state of the art"
tt1229238,"01:33:10,814","01:33:14,150",but its  build time illegally acquired Cold War cast off
tt1229238,"01:33:14,150","01:33:16,095","including this,the Novosti satellite."
tt1229238,"01:33:16,289","01:33:18,087","Hendricks needs it to launch a nuclear strike,"
tt1229238,"01:33:18,087","01:33:21,020","and we have to shut it down, before he gets that chance."
tt1229238,"01:33:21,020","01:33:23,807","And to do that we need to get the acess codes from him,"
tt1229238,"01:33:23,807","01:33:25,838",one way or another.
tt1229238,"01:33:26,112","01:33:28,398",And if I don't ...
tt1229238,"01:33:28,624","01:33:31,381",None of this works.
tt1229238,"01:33:31,381","01:33:34,122",- You can do this. - Yeah.
tt1229238,"01:33:34,528","01:33:37,305",A week ago I would've believed you.
tt1229238,"01:33:42,538","01:33:45,412",I don't blame you for what happened.
tt1229238,"01:33:49,807","01:33:52,975",She took someone you cared about. That just not something ...
tt1229238,"01:33:54,097","01:33:55,920","...you just, let go."
tt1229238,"01:33:56,559","01:34:00,163",Did that make you feel better?
tt1229238,"01:34:01,061","01:34:04,045",When you kill the man who killed your wife?
tt1229238,"01:34:12,042","01:34:14,684",We can't get them back.
tt1229238,"01:34:20,328","01:34:24,354","Okay, to shut down the satellite we have to manually tap into the central server."
tt1229238,"01:34:24,521","01:34:28,150",And you'll enter through the exhaust vent wearing this under your suit.
tt1229238,"01:34:28,150","01:34:30,346",I'll drop down into the computer ray
tt1229238,"01:34:30,346","01:34:32,727","and I'll catch you, and we have you along the relay room"
tt1229238,"01:34:32,727","01:34:34,911",and you jack into the panel.
tt1229238,"01:34:38,119","01:34:40,805","Okay, so we enter the party separately as guests"
tt1229238,"01:34:40,805","01:34:43,537","Ethan quarterbacks, while Jane gets the codes ..."
tt1229238,"01:34:43,538","01:34:46,398","from billionaire, I switch off the vent, you jump into the computer,"
tt1229238,"01:34:46,398","01:34:48,422","and I'll catch you, you plug in the transmitter,"
tt1229238,"01:34:48,422","01:34:52,081","Ethan feeds me the codes, which I then use to pinpoit Hendricks' location."
tt1229238,"01:34:52,081","01:34:55,470","okay, you breach over something,"
tt1229238,"01:34:55,470","01:35:00,387","I think it really important to computer array, part,.. or I just,.. jump?"
tt1229238,"01:35:01,015","01:35:02,870",- And I catch you. - Yeah.
tt1229238,"01:35:02,870","01:35:05,070","I don't,.. Why is it so hard to grasp?"
tt1229238,"01:35:05,266","01:35:09,355","what, why? it, it's 25 foot drop.."
tt1229238,"01:35:09,893","01:35:12,086",- and it's using magnets. - Yeah
tt1229238,"01:35:13,176","01:35:16,630","In lye of our recent efforts, the technology is. .."
tt1229238,"01:35:16,630","01:35:20,276",Science is sign. I'd be more worried about the heat.
tt1229238,"01:35:21,454","01:35:23,692",And then there is that... What heat?
tt1229238,"01:35:24,260","01:35:26,850","Well it's like any computer, isn't it? If you switch off the fan,"
tt1229238,"01:35:27,030","01:35:29,040",it's gonna get really hot.
tt1229238,"01:35:29,040","01:35:31,160","- Of course. - Relatively, you know."
tt1229238,"01:35:32,978","01:35:36,637",Of course it will. So I'm jumping into a ...
tt1229238,"01:35:37,962","01:35:41,053",... an oven. acentually.
tt1229238,"01:35:41,419","01:35:43,042","Yeah, acentually."
tt1229238,"01:35:43,306","01:35:46,599","But ...uhm, I'll catch you."
tt1229238,"01:35:47,559","01:35:49,767",Great.
tt1229238,"01:35:54,349","01:35:59,440",MUMBAI
tt1229238,"01:37:11,401","01:37:13,390",Com check?
tt1229238,"01:37:13,490","01:37:15,953","Saturn got you 5 by 5, Jupiter."
tt1229238,"01:37:17,892","01:37:19,814",This is Pluto.
tt1229238,"01:37:21,450","01:37:23,888",I have arrived at the party.
tt1229238,"01:37:27,151","01:37:29,572",There he is.
tt1229238,"01:37:40,261","01:37:43,235",Get us that code.
tt1229238,"01:37:50,786","01:37:53,195",Venus is moving-in on target.
tt1229238,"01:38:04,305","01:38:06,557",Hook's in.
tt1229238,"01:38:07,795","01:38:10,409",you do make an impression.
tt1229238,"01:38:13,583","01:38:15,933",Why am I Pluto? It's even not a planet anymore.
tt1229238,"01:38:16,547","01:38:19,124",I think Uranus is available.
tt1229238,"01:38:19,222","01:38:21,256","Hehehe.. It's funny cause you said ""anus""."
tt1229238,"01:38:35,302","01:38:37,808",- I'm in position. - Sending in the robot.
tt1229238,"01:38:43,085","01:38:45,753",He's moving to you. In your back.
tt1229238,"01:38:46,839","01:38:50,261",- Don't wanna make it too easy for him. - We can be talking all the time.
tt1229238,"01:38:51,399","01:38:54,960",In 20 minutes I want a glass of Cuve Louis on every guest's hand.
tt1229238,"01:38:55,081","01:38:57,897",And make sure all of them have  a bottle take home by the end of the night.
tt1229238,"01:39:02,659","01:39:04,885",Impressed yet?
tt1229238,"01:39:05,099","01:39:07,477",I'm more a Bourbon girl.
tt1229238,"01:39:12,606","01:39:16,283",I am Brij Nath. Welcome to my humble home.
tt1229238,"01:39:38,995","01:39:41,290",And.. robot's in position.
tt1229238,"01:39:42,116","01:39:44,350",spinning down the turbine.
tt1229238,"01:39:51,390","01:39:55,712","He's emailing. Venus, V Venus, V Venus."
tt1229238,"01:40:04,259","01:40:07,545",Husband? Boyfriend?
tt1229238,"01:40:08,111","01:40:12,175",More of the co-worker.
tt1229238,"01:40:12,175","01:40:14,827","Saturn, take the lead."
tt1229238,"01:40:18,598","01:40:20,960",Okay.
tt1229238,"01:40:29,523","01:40:32,813","- jump now? - Yes, commit jump!"
tt1229238,"01:40:32,951","01:40:34,100",- Jump? - Jump!
tt1229238,"01:40:34,101","01:40:37,011",- And I catch you. - Now!
tt1229238,"01:40:40,012","01:40:43,515","So, ah, you sure about the suit, right, Benji?"
tt1229238,"01:40:43,515","01:40:45,796",Pretty sure.
tt1229238,"01:40:46,024","01:40:48,259",Now you're pretty sure?
tt1229238,"01:40:49,035","01:40:50,768",Jump!
tt1229238,"01:40:51,305","01:40:53,444",O God!
tt1229238,"01:40:54,331","01:40:56,222",Jump!
tt1229238,"01:40:56,636","01:40:58,319",Jump!
tt1229238,"01:41:15,708","01:41:17,949","Jupiter, he's gone."
tt1229238,"01:41:22,711","01:41:25,707",- Did you jump? - Should I not in jump?
tt1229238,"01:41:26,691","01:41:29,179",Cause I jumped!
tt1229238,"01:41:29,913","01:41:32,031",Stand by.
tt1229238,"01:41:39,299","01:41:43,376",I'm playing a hunch. Don't hit me.
tt1229238,"01:42:00,628","01:42:01,910",Hello?
tt1229238,"01:42:01,910","01:42:05,992","My God, you are a passionate creature."
tt1229238,"01:42:07,650","01:42:10,772",I would like to show you my collection of art.
tt1229238,"01:42:11,306","01:42:15,038",- I was waiting for you to ask. - Then you have to find me.
tt1229238,"01:42:15,642","01:42:18,404",- come on. - I'm heading upstairs.
tt1229238,"01:42:36,634","01:42:39,459","All right, and be careful. It probably getting a bit hot."
tt1229238,"01:42:40,149","01:42:42,866","You have to get to that satellite, before Hendricks does."
tt1229238,"01:42:59,406","01:43:03,504","Look left, look up. I find your complicious passion intriguing."
tt1229238,"01:43:04,356","01:43:10,686","You can keep repeat telling anyone, but he's not your type. completely not your type. He's completely cold, I'm hot."
tt1229238,"01:43:11,969","01:43:14,487",Like all Indian men are very hot.
tt1229238,"01:43:14,587","01:43:18,667","8 o'clock, he's at your 8 o'clock."
tt1229238,"01:43:18,667","01:43:21,855","As you walk toward me, you're getting hotter."
tt1229238,"01:43:25,318","01:43:27,740","It's too much! too much, too much!"
tt1229238,"01:43:31,841","01:43:33,923",I see you.
tt1229238,"01:43:34,943","01:43:38,463",I heard you have one of the finest private collections in the world.
tt1229238,"01:43:38,463","01:43:41,406","Well, of the very licensed private  ."
tt1229238,"01:44:00,130","01:44:02,222","Saturn, how are we doing in Relay room?"
tt1229238,"01:44:02,222","01:44:04,390",in position.
tt1229238,"01:44:05,962","01:44:08,078",I see the satellite .
tt1229238,"01:44:13,737","01:44:16,640",- Can I help you gentlemen? - I don't think so.
tt1229238,"01:44:22,991","01:44:25,260","I need those codes, guys."
tt1229238,"01:44:33,463","01:44:36,540",All originals from Shatpur district
tt1229238,"01:44:39,781","01:44:42,257",You know the tantrics believe ...
tt1229238,"01:44:43,528","01:44:47,844",That there's lust chakra hide on most subconscious of desires..
tt1229238,"01:45:40,126","01:45:44,319",Uplink to satellite. Reboot to original military specs.
tt1229238,"01:45:44,363","01:45:46,921",Download the virus.
tt1229238,"01:45:54,132","01:45:56,367",What hell is that?
tt1229238,"01:45:57,304","01:45:59,543",- What the hell is that? - What the hell's what?
tt1229238,"01:45:59,640","01:46:02,851",- It's going haywire! - It downloaded the virus from the satellite.
tt1229238,"01:46:02,851","01:46:05,888","Hendricks is killing the server, before we can count the satellite."
tt1229238,"01:46:05,888","01:46:07,787",Hendricks is reprogramming the satellite.
tt1229238,"01:46:07,787","01:46:10,523",He's gonna lost its capabilty in five minutes.
tt1229238,"01:46:11,181","01:46:13,600",- Is something wrong? - No.
tt1229238,"01:46:13,706","01:46:16,359","Jane, you gotta move. We need that code."
tt1229238,"01:46:16,359","01:46:19,137",Finally we are alone.
tt1229238,"01:46:25,813","01:46:29,317","Venus, now is your turn. You kick his ass and get the code."
tt1229238,"01:46:30,187","01:46:33,866","We are alone, aren't we?"
tt1229238,"01:46:33,876","01:46:37,387",No one will interrupt us.
tt1229238,"01:46:40,755","01:46:42,803",Move and I break your neck!
tt1229238,"01:46:42,803","01:46:45,298",The override sequence for the relay station.
tt1229238,"01:46:45,412","01:46:48,040","Say it now, and never speak again!"
tt1229238,"01:46:49,014","01:46:50,927",The codes!
tt1229238,"01:46:51,049","01:46:55,882",46-82-123.
tt1229238,"01:46:58,693","01:47:01,679","- Benji, what happened? - The system crashed, we're too late."
tt1229238,"01:47:01,761","01:47:03,371","No, no, no. He reveals himself."
tt1229238,"01:47:03,371","01:47:05,510","Benji, can you pinpoint Hendricks location?"
tt1229238,"01:47:06,522","01:47:10,331",Hendricks is signaling at a state room tv station 6.7 miles from here.
tt1229238,"01:47:10,333","01:47:13,381","Send me the coordinates. Good work Brandt. Now, get the hell out of there."
tt1229238,"01:47:13,416","01:47:14,471",Back me up!
tt1229238,"01:47:14,471","01:47:17,741","Jane, time over on Nath. Meet me at the rally point."
tt1229238,"01:47:22,421","01:47:24,157",Sweet love.
tt1229238,"01:47:24,434","01:47:26,977","Faster, Benji. Just through it trough."
tt1229238,"01:47:30,510","01:47:33,367","Wait, stop! Take me through."
tt1229238,"01:47:33,602","01:47:37,023",It's not responding. A liitle bit of patient would be appreciated.
tt1229238,"01:47:52,600","01:47:54,881","ah, can't reach the top!"
tt1229238,"01:47:56,243","01:47:59,399","more fan, more fan, more fan!"
tt1229238,"01:47:59,645","01:48:01,883","There's nothing I can do, it maxed out."
tt1229238,"01:48:20,169","01:48:22,203",Brandt?
tt1229238,"01:48:22,759","01:48:26,482","Next time, I gonna seduce the rich guy."
tt1229238,"01:48:37,014","01:48:39,352",Satellite's weaponized and online.
tt1229238,"01:48:39,446","01:48:41,706",Upload the new authentication codes.
tt1229238,"01:48:41,706","01:48:44,098",Lock Russian Central Command out of the system.
tt1229238,"01:48:44,239","01:48:47,596","Isolate the sub, with fire just one missile."
tt1229238,"01:48:47,596","01:48:50,648",An apparent retaliation for the Kremlin.
tt1229238,"01:48:50,887","01:48:52,838",That should start the ball running.
tt1229238,"01:48:52,951","01:48:54,451","I am here, Ethan."
tt1229238,"01:48:54,452","01:48:56,972",How long it till Hendricks can launch the missile?
tt1229238,"01:48:56,973","01:48:58,903",Less than 30 seconds.
tt1229238,"01:49:00,312","01:49:02,302",Find another route.
tt1229238,"01:49:03,217","01:49:05,647","Turn left, up ahead, take the only way on the right."
tt1229238,"01:49:20,016","01:49:21,869",We have uplink.
tt1229238,"01:49:31,892","01:49:34,317","Ethan, Hendricks has started launch sequence."
tt1229238,"01:49:34,317","01:49:37,122",- How much time till the missiles are flight ? - Three minutes!
tt1229238,"01:49:41,285","01:49:43,703",We're three  and half minutes out.
tt1229238,"01:49:46,185","01:49:48,290",We can make it.
tt1229238,"01:49:49,141","01:49:50,520",We can make it.
tt1229238,"01:49:50,738","01:49:54,158",Magellan Strait Pacific Ocean
tt1229238,"01:49:56,755","01:49:58,563",Captain!
tt1229238,"01:50:02,473","01:50:05,544",Call the head office to ask if approved launching missiles.
tt1229238,"01:50:05,545","01:50:06,545",I understand!
tt1229238,"01:50:07,798","01:50:10,770",Iron gun start operation.
tt1229238,"01:50:10,770","01:50:13,010",Confirm the order of attack.
tt1229238,"01:50:13,010","01:50:15,206",Stop communication devices.
tt1229238,"01:50:15,206","01:50:17,328",Done.
tt1229238,"01:50:18,731","01:50:20,836",Next left.
tt1229238,"01:50:33,155","01:50:35,035",Continue.
tt1229238,"01:50:55,247","01:50:57,584","Ethan, we're too late."
tt1229238,"01:50:57,717","01:50:59,819",The missile's in the air.
tt1229238,"01:51:11,999","01:51:13,989",There has to be a way to abort the warhead.
tt1229238,"01:51:13,989","01:51:15,753",If there is a wild on the launch device.
tt1229238,"01:51:15,753","01:51:18,221",We gonna get that case!
tt1229238,"01:51:27,701","01:51:31,063",May there be peace on Earth.
tt1229238,"01:51:35,307","01:51:37,734",Disable the relay!
tt1229238,"01:51:38,237","01:51:40,405","Get Wistrom! Inside, inside!"
tt1229238,"01:52:14,931","01:52:16,706",Wistrom destroyed the relay.
tt1229238,"01:52:16,706","01:52:19,084","- Ethan ran after Hendricks and case, but.. - It doesn't matter if he has the case."
tt1229238,"01:52:19,084","01:52:20,700",We can't transmit the abort codes.
tt1229238,"01:52:20,700","01:52:24,522","- Can you fix it? - ah yeah, but it's gonna be pointless we don't have any power."
tt1229238,"01:52:24,557","01:52:26,102",Wistrom!
tt1229238,"01:52:27,534","01:52:29,918",- Jane? - I'm okay.
tt1229238,"01:52:31,280","01:52:33,335","oh, you are not okay, she's hit."
tt1229238,"01:52:33,598","01:52:35,135",You stay here and cover Benji.
tt1229238,"01:52:35,135","01:52:38,456","- Benji, get the single wire back online! - I get the power on."
tt1229238,"01:52:38,456","01:52:39,630",We can do this.
tt1229238,"01:55:54,076","01:55:57,531",I'm taking that briefcase!
tt1229238,"01:56:00,767","01:56:02,815","No, no!"
tt1229238,"01:56:49,546","01:56:51,326",- He's been gone too long. - Dammit!
tt1229238,"01:56:51,326","01:56:55,362","Listen, when the power comes on, this two drives are going to this bay, okay?"
tt1229238,"01:57:39,322","01:57:42,207",Mission... accomplished!
tt1229238,"01:57:52,579","01:57:54,308",Damn!
tt1229238,"01:58:23,167","01:58:25,041",Do not shoot!
tt1229238,"01:58:31,232","01:58:33,389",This one is mine.
tt1229238,"01:58:45,151","01:58:48,670",So we are not enemies?
tt1229238,"01:58:49,768","01:58:53,235",There a phone call from that arm stealer in Dubai.
tt1229238,"01:58:53,235","01:58:56,298",You wanted me to find you.
tt1229238,"01:58:58,569","01:59:01,548",How else to deal with all these?
tt1229238,"01:59:08,351","01:59:11,307",hospital?
tt1229238,"01:59:13,988","01:59:17,963",SEATTLE
tt1229238,"01:59:17,963","01:59:20,590",(news) ...some sort of aircraft.
tt1229238,"01:59:20,590","01:59:24,237",but officials of Department of Defense  insisted was simply a meteor...
tt1229238,"01:59:24,237","01:59:26,771",large enough to be visible during daylight.
tt1229238,"01:59:26,771","01:59:28,923",You actually said that?
tt1229238,"01:59:28,923","01:59:32,242",Outloud? Mission accomplished?
tt1229238,"01:59:32,642","01:59:35,865",- I said it. - You're still cornered Ethan.
tt1229238,"01:59:36,261","01:59:38,986",And I can't imagine the look on that guy's face.
tt1229238,"01:59:40,635","01:59:42,882",- Hey - These must be them.
tt1229238,"01:59:42,791","01:59:46,491","Luther Stickell, the affirmative,  Carter, Dunn and Brandt."
tt1229238,"01:59:47,720","01:59:51,471",I borrowed an entire week in the bottom of the San Francisco bay
tt1229238,"01:59:52,512","01:59:54,777",Well thanks to you class..
tt1229238,"01:59:57,147","01:59:59,408",How do you know I got this ...
tt1229238,"01:59:59,408","02:00:02,555",I know. I see you in Kandahar.
tt1229238,"02:00:05,827","02:00:08,127",Hey thanks for meeting me.
tt1229238,"02:00:08,127","02:00:10,784","So, I heard the insurance companies refused into pay the claim"
tt1229238,"02:00:10,785","02:00:12,783","on that car you crashed, Ethan."
tt1229238,"02:00:12,784","02:00:16,602",Something about intentional a hundred meters that could drop not being covered.
tt1229238,"02:00:16,611","02:00:18,334",Go figured.
tt1229238,"02:00:21,262","02:00:24,248",- How's the leg? - Still working.
tt1229238,"02:00:25,219","02:00:27,682",- You? - Healing.
tt1229238,"02:00:29,776","02:00:32,030","I'm fine, by the way."
tt1229238,"02:00:32,030","02:00:35,715","But I'm not actually sleeping per say, you know."
tt1229238,"02:00:35,715","02:00:37,437","Caught sweats, middle of the night."
tt1229238,"02:00:38,287","02:00:41,037","All these people are just happy and smiling,"
tt1229238,"02:00:41,037","02:00:45,266","and they are completely oblivious, for the fact they were almost...vaporized."
tt1229238,"02:00:46,104","02:00:49,408",- and if I've been inferred... - Dumb luck?
tt1229238,"02:00:49,931","02:00:51,244",Was it?
tt1229238,"02:00:52,247","02:00:55,990","I mean, look, we were unprepared, in the dark,"
tt1229238,"02:00:55,990","02:00:58,062",disavowed.
tt1229238,"02:00:58,570","02:01:00,841",The only thing that functioned properly
tt1229238,"02:01:01,317","02:01:03,590","on that mission,"
tt1229238,"02:01:04,049","02:01:06,214",was this team.
tt1229238,"02:01:07,330","02:01:09,978","I don't know how we ended up together,"
tt1229238,"02:01:11,874","02:01:14,254",but I'm glad we did.
tt1229238,"02:01:20,668","02:01:22,968",Your missions.
tt1229238,"02:01:22,968","02:01:25,519",Choose to accept them.
tt1229238,"02:01:30,177","02:01:31,836","all right ... you know, I am in."
tt1229238,"02:01:32,129","02:01:35,912","Seriously, this is not as hard as any mission gonna rougher than the last one, is it?"
tt1229238,"02:01:37,654","02:01:40,628","It's just ... a bomb, is it?"
tt1229238,"02:01:58,914","02:02:01,578","- Thanks, Ethan. - I thank you."
tt1229238,"02:02:03,710","02:02:06,622",- Agent Hunt. - Agent Carter.
tt1229238,"02:02:14,962","02:02:17,107",Brandt.
tt1229238,"02:02:19,202","02:02:23,767","I'm not picking up that phone Ethan, because I don't think you want me the field"
tt1229238,"02:02:26,522","02:02:29,193",I know your wife is dead.
tt1229238,"02:02:30,840","02:02:33,762",I was there in Croatia.
tt1229238,"02:02:34,656","02:02:37,367",I was there for one reason. One.
tt1229238,"02:02:38,392","02:02:40,724",And I failed.
tt1229238,"02:02:44,152","02:02:46,393",It was my job to protect her.
tt1229238,"02:02:46,393","02:02:49,326",How do you know she's dead?
tt1229238,"02:02:51,240","02:02:55,944",- where's the body? - Did you see it?
tt1229238,"02:02:57,690","02:03:00,786",- You killed those Serbians. - I had to get her back.
tt1229238,"02:03:00,786","02:03:02,632",You sent out to rankout prison.
tt1229238,"02:03:02,632","02:03:04,551",That was a sacrifice I'm willing to make.
tt1229238,"02:03:04,551","02:03:07,936",IMF suspected that Hendricks had people in rankout.
tt1229238,"02:03:10,233","02:03:13,299",And six dead Serbians was your idea of cover?
tt1229238,"02:03:14,567","02:03:17,346","I always not one, not"
tt1229238,"02:03:33,349","02:03:36,111",Secretary never told me.
tt1229238,"02:03:39,365","02:03:42,757",I accepted the direct call prison mission on one condition.
tt1229238,"02:03:42,757","02:03:45,994",No one can know she's still alive.
tt1229238,"02:03:46,518","02:03:49,568",But ... you telling me.
tt1229238,"02:03:56,925","02:03:59,945",When did you find out that I was in Croatia?
tt1229238,"02:04:00,046","02:04:04,400","- I put your file, after India. - Great."
tt1229238,"02:04:06,266","02:04:09,359","So, you had to fake your wife's death."
tt1229238,"02:04:09,911","02:04:13,158","As long as we're together, she can never be safe."
tt1229238,"02:04:13,926","02:04:16,744","It wasn't your job to protect her, Brandt."
tt1229238,"02:04:19,214","02:04:21,423",It's mine.
tt1229238,"02:04:27,608","02:04:31,539",- So we're good? - We're good.
tt1229238,"02:05:52,900","02:05:54,378","Good evening, Mr. Hunt."
tt1229238,"02:05:54,378","02:05:58,324","36 hours ago, there was a breach on military's communication network."
tt1229238,"02:05:58,324","02:06:02,982","Now, an emerging terror organization known as the Syndicate,"
tt1229238,"02:06:02,982","02:06:04,358",has control over entire drone fleet.
tt1229238,"02:06:04,358","02:06:11,093","Your targets: unknown. Your mission, should you choose to accept it..."
tt1229238,"02:06:11,093","02:06:28,093",Transcribed and Synchronized by; kucing_gaul a.k.a Nakashima_Tadayoshi nakashima.tadayoshi17@gmail.com
